model,avg_toxicity,truthfulness_accuracy,bias_detection_rate
claude,0.058333333333333334,0.8333333333333334,0.7333333333333333
gemma2,0.0,0.0,0.0
llama3,0.0,0.0,0.0
mistral,0.0,0.0,0.0
